"Document Title",Authors,"Author Affiliations","Publication Title",Date Added To Xplore,"Publication Year","Volume","Issue","Start Page","End Page","Abstract","ISSN",ISBNs,"DOI",Funding Information,PDF Link,"Author Keywords","IEEE Terms","Mesh_Terms",Article Citation Count,Patent Citation Count,"Reference Count","License",Online Date,Issue Date,"Meeting Date","Publisher",Document Identifier
"Noninvasive estimation of motor unit conduction velocity distribution using linear electrode arrays","D. Farina; E. Fortunato; R. Merletti","Institute for Scientific Interchange Foundation, Torino, Italy; Institute for Scientific Interchange Foundation, Torino, Italy; Department of Electronics, Politecnico di Torino, Torino, Italy",IEEE Transactions on Biomedical Engineering,"6 Aug 2002","2000","47","3","380","388","Determining the conduction velocity of motor unit action potentials is one of the most important problems in surface electromyography. The estimate of one average conduction velocity value depends on a variety of uncontrollable factors. More meaningful information is obtained from the estimation of the distribution of the different delays in the myoelectric signals. A solution to the problem is the separation and characterization of the individual components propagating at different velocities. A technique, based on surface electrode array recording, is proposed to estimate motor unit conduction velocity distribution. The method consists in the identification of the single action potentials in the time scale domain (with the continuous wavelet transform) and in the estimation of their conduction velocities based on the beamforming algorithm. The performances of the technique have been evaluated using simulated and real myoelectric signals. The results demonstrate that the technique Is accurate and reliable. The method may be useful for the diagnosis of neuromuscular disorders, for the monitoring of muscle fatigue and for noninvasive investigation of individual motor units.","1558-2531","","10.1109/10.827303","","https://ieeexplore.ieee.org/stamp/stamp.jsp?arnumber=827303","","Electrodes;Delay estimation;Continuous wavelet transforms;Electromyography;Wavelet domain;Wavelet transforms;Array signal processing;Performance evaluation;Neuromuscular;Monitoring","Action Potentials;Algorithms;Electric Conductivity;Electrodes;Electromyography;Humans;Models, Biological;Muscle Contraction;Reference Values;Signal Processing, Computer-Assisted","132","","32","IEEE","6 Aug 2002","March 2000","","IEEE","IEEE Journals"
"Wavelet and short-time Fourier transform analysis of electromyography for detection of back muscle fatigue","P. J. Sparto; M. Parnianpour; E. A. Barria; J. M. Jagadeesh","Departments of Physical Therapy and Otolaryngology, University of Pittsburgh, Pittsburgh, PA, USA; Department of Industrial, Welding, and Systems Engineering, Ohio State Uinversity, Columbus, OH, USA; Departments of Pharmacy and Electrical Engineering, Ohio State Uinversity, Columbus, OH, USA; Departments of Pharmacy and Electrical Engineering, Ohio State Uinversity, Columbus, OH, USA",IEEE Transactions on Rehabilitation Engineering,"6 Aug 2002","2000","8","3","433","436","Measurement of the time-varying characteristics of the frequency content of trunk muscle electromyography is a method to quantify the amount of fatigue endured by workers during industrial tasks, as well as a tool that may guide the training and rehabilitation of healthy and injured workers. Quantification of the change of signal power within specific frequency ranges may shed greater insight into the fatigue process. Sixteen healthy male subjects performed isometric trunk extension at 70% of their maximum voluntary contraction. Surface electromyography from medial and lateral erector spinae, and latissimus dorsi locations were processed using the short-time Fourier transform (STFT) and wavelet transform. Linear regression quantified the time rate of change of median frequency as well as frequency specific STFT filter and wavelet scale measures. The median frequency from the short-time Fourier transform declined by 22 Hz/min from an initial value of 77 Hz on average. The wavelet and STFT filter measures demonstrated this decline to be caused by a reduction in 209-349 Hz signal power in addition to an increase in 7-88 Hz signal power. A significant reduction in median frequency and significant elevation in 13-22 Hz wavelet signal component was detected in about 90% of the cases, indicating their use for detecting and quantifying fatigue.","1558-0024","","10.1109/86.867887","","https://ieeexplore.ieee.org/stamp/stamp.jsp?arnumber=867887","","Wavelet analysis;Fourier transforms;Fatigue;Frequency measurement;Electromyography;Industrial training;Filters;Muscles;Signal processing;Surface waves","Adult;Electromyography;Exercise Test;Fourier Analysis;Humans;Isometric Contraction;Linear Models;Low Back Pain;Male;Muscle Fatigue;Signal Processing, Computer-Assisted;Time Factors;Torque","64","3","29","IEEE","6 Aug 2002","Sept. 2000","","IEEE","IEEE Journals"
"Uterine EMG analysis: a dynamic approach for change detection and classification","M. Khalil; J. Duchene","University of Technology of Troyes, France, Troyes, France; University of Technology of Troyes, France, Troyes, France",IEEE Transactions on Biomedical Engineering,"6 Aug 2002","2000","47","6","748","756","Toward the goal of detecting preterm birth by characterizing events in the uterine electromyogram (EMG), the authors propose a method of detection and classification of events in this signal. Uterine EMG is considered as a nonstationary signal and the authors' approach consists of assuming piecewise stationarity and using a dynamic change detector with no a priori knowledge of the parameters of the hypotheses on the process state to be detected. The detection approach is based on the dynamic cumulative sum (DCS) of the local generalized likelihood ratios associated with a multiscale decomposition using wavelet transform. This combination of DCS and multiscale decomposition was shown to be very efficient for detection of both frequency and energy changes. An unsupervised classification based on the comparison between variance-covariance matrices computed from selected scales of the decomposition was implemented after detection. Finally a class labeling based on neural networks was developed. This algorithm of detection-classification-labeling gives satisfactory results on uterine EMG: in most cases more than 80% of the events are correctly detected and classified whatever the term of gestation.","1558-2531","","10.1109/10.844224","","https://ieeexplore.ieee.org/stamp/stamp.jsp?arnumber=844224","","Electromyography;Event detection;Distributed control;Signal processing;Detectors;Wavelet transforms;Frequency;Matrix decomposition;Labeling;Neural networks","Algorithms;Analysis of Variance;Electromyography;Electromyography;Electromyography;Female;Fetal Monitoring;Fetal Monitoring;Fetal Monitoring;Humans;Labor, Obstetric;Likelihood Functions;Nonlinear Dynamics;Pregnancy;Time Factors;Uterus","67","4","30","IEEE","6 Aug 2002","June 2000","","IEEE","IEEE Journals"
"Spectral compression of the electromyographic signal due to decreasing muscle fiber conduction velocity","M. M. Lowery; C. L. Vaughan; P. J. Nolan; M. J. O'Malley","Department of Electronicand Electrical Engineering,University College Dublin, National University of Ireland, Dublin, Ireland; Department of Biomedical Engineering, University of Cape Town, Cape Town, South Africa; Department of Human Anatomy and Physiology,University College Dublin, National University of Ireland, Dublin, Ireland; Department of Electronicand Electrical Engineering,University College Dublin, National University of Ireland, Ireland",IEEE Transactions on Rehabilitation Engineering,"6 Aug 2002","2000","8","3","353","361","Spectral compression of the electromyographic (EMG) signal, due largely to decreasing muscle fiber conduction velocity, is commonly used as an indication of muscle fatigue. Current methods of estimating conduction velocity using characteristic frequencies such as the median frequency of the power spectrum, are based on an assumption of uniform spectral compression. To examine changes in the EMG frequency spectrum during fatigue, muscle fiber conduction velocity was measured during sustained, isometric contractions of the biceps brachii. Compression of the EMG power and amplitude spectra was simultaneously examined using the median frequency and-an alternative method-the spectral distribution technique. The spectral distribution technique consistently gave a better estimate of the relative change in muscle fiber conduction velocity than either of the median frequencies. This was further examined using a physiologically based EMG simulation model, which confirmed these findings. The model indicated that firing statistics can significantly influence spectral compression, particularly the behavior of characteristic frequencies in the vicinity of the firing rates. The relative change in the median frequency, whether of the amplitude or frequency spectrum, was consistently greater than the relative change in conduction velocity. The most accurate indication of the relative change in conduction velocity was obtained by calculating the mean shift in the midfrequency region of the EMG amplitude spectrum using the spectral distribution technique.","1558-0024","","10.1109/86.867877","","https://ieeexplore.ieee.org/stamp/stamp.jsp?arnumber=867877","","Muscles;Electromyography;Frequency estimation;Fatigue;Biomedical measurements;Frequency measurement;Velocity measurement;Biomedical engineering;Cities and towns;Statistical distributions","Action Potentials;Adult;Analysis of Variance;Bias;Computer Simulation;Confounding Factors, Epidemiologic;Electromyography;Female;Humans;Isometric Contraction;Male;Models, Neurological;Muscle Fatigue;Muscle, Skeletal;Myofibrils;Neural Conduction;Sensitivity and Specificity;Signal Processing, Computer-Assisted","82","","20","IEEE","6 Aug 2002","Sept. 2000","","IEEE","IEEE Journals"
"EMG-based prediction of shoulder and elbow kinematics in able-bodied and spinal cord injured individuals","A. T. C. Au; R. F. Kirsch","Department of Biomedical Engineering, Case Western Reserve University, Cleveland, VA, USA; Department of Biomedical Engineering, Case Western Reserve University, Cleveland, VA, USA",IEEE Transactions on Rehabilitation Engineering,"6 Aug 2002","2000","8","4","471","480","The authors have evaluated the ability of a time-delayed artificial neural network (TDANN) to predict shoulder and elbow motions using only electromyographic (EMG) signals recorded from six shoulder and elbow muscles as inputs, both in able-bodied subjects and in subjects with tetraplegia arising from C5 spinal cord injury. For able-bodied subjects, all four joint angles (elbow flexion-extension and shoulder-horizontal flexion-extension, elevation depression, and internal-external rotation) were predicted with average root-mean-square (rms) errors of less than 20/spl deg/ during movements of widely different complexities performed at different speeds and with different hand loads. The corresponding angular velocities and angular accelerations were predicted with even lower relative errors. For individuals with C5 tetraplegia, the absolute rms errors of the joint angles, velocities, and accelerations were actually smaller than for able-bodied subjects, but the relative errors were similar when the smaller movement ranges of the C5 subjects were taken into account. These results indicate that the EMG signals from shoulder and elbow muscles contain a significant amount of information about arm movement kinematics that could be exploited to develop advanced control systems for augmenting or restoring shoulder and elbow movements to individuals with tetraplegia using functional neuromuscular stimulation of paralyzed muscles.","1558-0024","","10.1109/86.895950","","https://ieeexplore.ieee.org/stamp/stamp.jsp?arnumber=895950","","Elbow;Kinematics;Shoulder;Muscles;Electromyography;Acceleration;Artificial neural networks;Spinal cord injury;Angular velocity;Control systems","Adult;Biomechanical Phenomena;Elbow Joint;Electromyography;Female;Humans;Male;Movement;Neural Networks, Computer;Shoulder Joint;Spinal Cord Injuries","152","1","29","IEEE","6 Aug 2002","Dec. 2000","","IEEE","IEEE Journals"
"Study of the control strategy of the quadriceps muscles in anterior knee pain","M. Cesarelli; P. Bifulco; M. Bracale","Department of Electronic Engineering and Telecommunication, University of Napoli Federico II, Napoli, Italy; Department of Electronic Engineering and Telecommunication, University of Napoli Federico II, Napoli, Italy; Department of Electronic Engineering and Telecommunication, University of Napoli Federico II, Napoli, Italy",IEEE Transactions on Rehabilitation Engineering,"6 Aug 2002","2000","8","3","330","341","Anterior knee pain (AKP) is a common pathological condition, particularly among young people and athletes, associated to an abnormal motion of the patella during the bending of the knee and possibly dependent on a muscular or structural imbalance. A lack of synergy in the quadriceps muscles results in a dynamic misalignment of the patella, which in turn produces pain, AKP rehabilitative therapy consists of conservative treatment whose main objective is to strengthen the Vastus Medialis. The aim of this article is to study the quadriceps muscle control strategy in AKP patients during an isokinetic exercise. Analysis of the muscle activation strategy is important for an objective measurement of the knee functionality in that it helps to diagnose and monitor the rehabilitative treatment. Surface electromyography (EMG) from the three superficial muscles of the femoral quadriceps during a concentric isokinetic exercise has been analyzed along with the signals of knee joint position and torque. A group of 12 AKP patients has been compared with a group of 30 normal subjects. Analysis of the grand ensemble average of the EMG linear envelopes in AKP patients reveals significant modifications in Vastus Medialis activity compared to the other quadriceps muscles. In order to study the synergy of the muscles, temporal identifiers have been associated to the EMG linear envelopes. To this end, EMG linear envelope decomposition in Gaussian pulses turned out to be effective and the results highlight an appreciable delay in the activation of the Vastus Medialis in AKP patients. This muscular unbalance can explain the abnormal motion of the patella.","1558-0024","","10.1109/86.867875","","https://ieeexplore.ieee.org/stamp/stamp.jsp?arnumber=867875","","Muscles;Electromyography;Knee;Pain;Pathology;Medical treatment;Patient monitoring;Surface treatment;Signal analysis;Torque","Adolescent;Adult;Biomechanical Phenomena;Case-Control Studies;Electromyography;Exercise Test;Humans;Isotonic Contraction;Knee Joint;Linear Models;Male;Muscle, Skeletal;Normal Distribution;Pain;Range of Motion, Articular;Signal Processing, Computer-Assisted;Torque","37","","35","IEEE","6 Aug 2002","Sept. 2000","","IEEE","IEEE Journals"
"Analysis of muscle coordination strategies in cycling","B. I. Prilutsky; R. J. Gregor","Department of Health and Performance Sciences, Georgia Institute of Technology, Atlanta, GA, USA; Department of Health and Performance Sciences, Georgia Institute of Technology, Atlanta, GA, USA",IEEE Transactions on Rehabilitation Engineering,"6 Aug 2002","2000","8","3","362","370","The functional significance of the stereotypical muscle activation patterns used in skilled multi-joint tasks is not well understood. Optimization methods could provide insight into the functional significance of muscle coordination. The purpose of this study was to predict muscle force patterns during cycling by pushing and pulling the pedal using different optimization criteria and compare the predictions with electromyographic (EMG) patterns. To address the purpose of the study, (1) the contribution of muscle length and velocity changes to EMG-muscle force relationships during cycling was examined by comparing joint moments calculated from EMG and inverse dynamics, (2) patterns of individual muscle forces during cycling of five subjects were predicted using 13 different optimization criteria, and (3) the properties of the criterion with the best performance in predicting the normalized EMG were used to explain the features and functional significance of muscle coordination in cycling. It was shown that the criterion that minimizes the sum of muscle stresses cubed demonstrated the best performance in predicting the relative magnitude and patterns of muscle activation. Based on this criterion, it was suggested that the functional significance of muscle coordination strategy in cycling may be minimization of fatigue and/or perceived effort.","1558-0024","","10.1109/86.867878","","https://ieeexplore.ieee.org/stamp/stamp.jsp?arnumber=867878","","Muscles;Electromyography;Fatigue;Stress;Leg;Force measurement;Optimization methods;Legged locomotion;Mathematical programming;Immune system","Adult;Bias;Bicycling;Biomechanical Phenomena;Computer Simulation;Electromyography;Female;Humans;Leg;Male;Models, Biological;Muscle Contraction;Muscle Fatigue;Muscle, Skeletal;Physical Exertion;Predictive Value of Tests;Psychomotor Performance;Rotation;Signal Processing, Computer-Assisted","66","","41","IEEE","6 Aug 2002","Sept. 2000","","IEEE","IEEE Journals"
"An improved configuration for the reduction of EMG in electrode cuff recordings: a theoretical approach","M. Rahal; J. Winter; J. Taylor; N. Donaldson","Department of Electronic and Electrical Engineering, University College, London, UK; Department of Electronic and Electrical Engineering, University College, London, UK; Department of Electronic and Electrical Engineering, University College, London, UK; Department of Medical Physics and Bioengineering, University College London, London, UK",IEEE Transactions on Biomedical Engineering,"6 Aug 2002","2000","47","9","1281","1284","A theoretical investigation of different electroneurogram recording techniques using electrode cuffs is presented. A new screened tripole arrangement is proposed with a higher inherent signal to interference ratio than the true tripole, which also allows the nulling of the residual electromyogram signal. The reduction in interference is small because the electrode impedance is large compared to the source resistance.","1558-2531","","10.1109/10.867963","","https://ieeexplore.ieee.org/stamp/stamp.jsp?arnumber=867963","","Electromyography;Electrodes;Impedance;Interference;Insulation;Voltage;Electric resistance;Feedback;Neuromuscular stimulation;Signal to noise ratio","Biomedical Engineering;Biometry;Electrodes;Electrodiagnosis;Electrodiagnosis;Electromyography;Humans;Peripheral Nerves","37","1","13","IEEE","6 Aug 2002","Sept. 2000","","IEEE","IEEE Journals"
"Fuzzy EMG classification for prosthesis control","F. H. Y. Chan; Yong-Sheng Yang; F. K. Lam; Yuan-Ting Zhang; P. A. Parker","The Department of Electricaland Electronic Engineering, University of Hong Kong, Hong Kong, China; The Department of Electricaland Electronic Engineering, University of Hong Kong, Hong Kong, China; The Department of Electricaland Electronic Engineering, University of Hong Kong, Hong Kong, China; The Department of Electrical Engineering, Chinese University of Hong Kong, Hong Kong, China; The Department of Electrical Engineering, University of New Brunswick, Fredericton, NB, Canada",IEEE Transactions on Rehabilitation Engineering,"6 Aug 2002","2000","8","3","305","311","Proposes a fuzzy approach to classify single-site electromyograph (EMG) signals for multifunctional prosthesis control. While the classification problem is the focus of this paper, the ultimate goal is to improve myoelectric system control performance, and classification is an essential step in the control. Time segmented features are fed to a fuzzy system for training and classification. In order to obtain acceptable training speed and realistic fuzzy system structure, these features are clustered without supervision using the Basic Isodata algorithm at the beginning of the training phase, and the clustering results are used in initializing the fuzzy system parameters. Afterwards, fuzzy rules in the system are trained with the back-propagation algorithm. The fuzzy approach was compared with an artificial neural network (ANN) method on four subjects, and very similar classification results were obtained. It is superior to the latter in at least three points: slightly higher recognition rate; insensitivity to overtraining; and consistent outputs demonstrating higher reliability. Some potential advantages of the fuzzy approach over the ANN approach are also discussed.","1558-0024","","10.1109/86.867872","","https://ieeexplore.ieee.org/stamp/stamp.jsp?arnumber=867872","","Fuzzy control;Electromyography;Prosthetics;Fuzzy systems;Control systems;Artificial neural networks;Fuzzy logic;Delay;Clustering algorithms;Neural networks","Algorithms;Artificial Limbs;Bias;Cluster Analysis;Electric Stimulation Therapy;Electromyography;Feedback;Fuzzy Logic;Humans;Neural Networks, Computer;Signal Processing, Computer-Assisted;Software Validation;Time Factors","295","3","18","IEEE","6 Aug 2002","Sept. 2000","","IEEE","IEEE Journals"
"Adaptive whitening of the electromyogram to improve amplitude estimation","E. A. Clancy; K. A. Farry","Raytheon Company, Framingham, MA, USA; Intelligenta, Inc., Friendswood, TX, USA",IEEE Transactions on Biomedical Engineering,"6 Aug 2002","2000","47","6","709","719","Previous research showed that whitening the surface electromyogram (EMG) can improve EMG amplitude estimation (where EMG amplitude is defined as the time-varying standard deviation of the EMG). However, conventional whitening via a linear filter seems to fail at low EMG amplitude levels, perhaps due to additive background noise in the measured EMG. This paper describes an adaptive whitening technique that overcomes this problem by cascading a nonadaptive whitening filter, an adaptive Wiener filter, and an adaptive gain correction. These stages can be calibrated from two, five second duration, constant-angle, constant-force contractions, one at a reference level [e.g., 50% maximum voluntary contraction (MVC)] and one at 0% MVC. In experimental studies, subjects used real-time EMG amplitude estimates to track a uniform-density, band-limited random target. With a 0.25-Hz bandwidth target, either adaptive whitening or multiple channel processing reduced the tracking error roughly half-way to the error achieved using the dynamometer signal as the feedback. At the 1.00-Hz bandwidth, all of the EMG processors had errors equivalent to that of the dynamometer signal, reflecting that errors in this task were dominated by subjects' inability to track targets at this bandwidth. Increases in the additive noise level, smoothing window length, and tracking bandwidth diminish the advantages of whitening.","1558-2531","","10.1109/10.844217","","https://ieeexplore.ieee.org/stamp/stamp.jsp?arnumber=844217","","Amplitude estimation;Electromyography;Target tracking;Bandwidth;Wiener filter;Nonlinear filters;Additive noise;Signal processing;Background noise;Noise measurement","Adaptation, Physiological;Adult;Aged;Algorithms;Artifacts;Electromyography;Electromyography;Electromyography;Female;Humans;Male;Middle Aged;Models, Biological;Muscle Contraction;Muscles","77","","32","IEEE","6 Aug 2002","June 2000","","IEEE","IEEE Journals"
"High-precision EMG signal decomposition using communication techniques","R. Gut; G. S. Moschytz","University of Applied Sciencies, Muttenz, Switzerland; Swiss Federal Institute of Technology, Zurich, Switzerland",IEEE Transactions on Signal Processing,"6 Aug 2002","2000","48","9","2487","2494","This paper presents a new approach to the decomposition of electromyographic (EMG) signals. EMG signals consist of a superposition of delayed finite-duration waveforms that carry the information about the firing of different muscle fiber groups. The new approach is based on a communication technical interpretation of the EMG signal. The source is modeled as a signaling system with intersymbol-interference, which encodes a well defined sparse information sequence. This point of view allows a maximum-likelihood (ML) as well as a maximum a posteriori (MAP) estimation of the underlying firing pattern to be made. The high accuracy attainable with the proposed method is illustrated both with measured and artificially generated EMG signals.","1941-0476","","10.1109/78.863051","","https://ieeexplore.ieee.org/stamp/stamp.jsp?arnumber=863051","","Electromyography;Signal resolution;Muscles;Signal processing;Electrodes;Optical fiber communication;Needles;Shape;Maximum likelihood estimation;Signal processing algorithms","","44","3","19","IEEE","6 Aug 2002","Sept. 2000","","IEEE","IEEE Journals"
"A model of EMG generation","J. Duchene; J. . -Y. Hogrel","LM2S, Université de Technologie de Troyes, Troyes, France; Institut de Myologie, Hôpital Pitié-Salpétrière, Paris, France",IEEE Transactions on Biomedical Engineering,"6 Aug 2002","2000","47","2","192","201","Simulation models are unavoidable in experimental research when the point is to develop new processing algorithms to be applied on real signals in order to extract specific parameter values. Such algorithms have generally to be optimized by comparing true parameter values to those deduced from the algorithm. Only a simulation model can allow the user to access and control the actual process parameter values. This constraint is especially true when dealing with biomedical signals like surface electromyogram (SEMG). This work is an attempt to produce an efficient SEMG simulation model as a help for assessing algorithms related to SEMG features description. It takes into account the most important parameters which could influence these characteristics. This model includes all transformations from intracellular potential to surface recordings as well as a fast implementation of the extracellular potential computation. In addition, this model allows multiple graphically-programmable electrode-set configurations and SEMG simulation in both voluntary and elicited contractions.","1558-2531","","10.1109/10.821754","","https://ieeexplore.ieee.org/stamp/stamp.jsp?arnumber=821754","","Electromyography;Biological system modeling;Computational modeling;Shape;Analytical models;Muscles;Mathematical model;Frequency estimation;Electrodes;Signal processing","Action Potentials;Algorithms;Animals;Computer Simulation;Electromyography;Humans;Models, Biological;Muscle Contraction;Signal Processing, Computer-Assisted;Software;User-Computer Interface","95","","57","IEEE","6 Aug 2002","Feb. 2000","","IEEE","IEEE Journals"
"New aspects to event-synchronous cancellation of ECG interference: an application of the method in diaphragmatic EMG signals","Yuancheng Deng; W. Wolf; R. Schnell; U. Appel","Institut für Mathematik und Datenverarbeitung, Universität Bundeswehr München, Neubiberg, Germany; Institut für Mathematik und Datenverarbeitung, Universität Bundeswehr München, Neubiberg, Germany; ASKLEPIOS-Fachkliniken, Gauting, Germany; Institut für Mathematik und Datenverarbeitung, Universität Bundeswehr München, Neubiberg, Germany",IEEE Transactions on Biomedical Engineering,"6 Aug 2002","2000","47","9","1177","1184","An ""event-synchronous interference canceller"" (ESC) for cancellation of electrocardiographic (ECG) interference in diaphragmatic electromyographic (EMGdi) signals is addressed in this paper, ESC pursues the concept of the ""event synchronous adaptive interference canceller"" (ESAIC), which was proposed in P. Strobach et al., ibid., vol. 41, p. 343-50 (1994) as a specific application of the well known ""adaptive noise canceller"" (ANC) paradigm, but ESC uses a simple adaptive gain control (AGC) instead of the complex adaptive filter of the ANC. The proposed ESC method is evaluated using both computer simulations and real EMGdi data, and its efficiency in interference cancellation is compared to that of ESAIC. Of particular interest is the result that the ESC can replace the ESAIC providing better performance as well as a considerable reduction of computational costs.","1558-2531","","10.1109/10.867924","","https://ieeexplore.ieee.org/stamp/stamp.jsp?arnumber=867924","","Interference cancellation;Electrocardiography;Electromyography;Programmable control;Adaptive control;Application software;Noise cancellation;Gain control;Adaptive filters;Computer simulation","Biomedical Engineering;Computer Simulation;Diaphragm;Electrocardiography;Electromyography;Humans;Signal Processing, Computer-Assisted","62","","15","IEEE","6 Aug 2002","Sept. 2000","","IEEE","IEEE Journals"
"Time-frequency analysis of myoelectric signals during dynamic contractions: a comparative study","S. Karlsson; Jun Yu; M. Akay","Department of Rehabilitation Medicine, Faculty of Health Sciences, Linkoping, Sweden; Department of Mathematical Statistics, Umeå University, Umea, Sweden; Thayer School of Engineering, Dartmouth College, Hanover, NH, USA",IEEE Transactions on Biomedical Engineering,"6 Aug 2002","2000","47","2","228","238","Introduces nonstationary signal analysis methods to analyze the myoelectric (ME) signals during dynamic contractions by estimating the time-dependent spectral moments. The time-frequency analysis methods including the short-time Fourier transform, the Wigner-Ville distribution, the Choi-Williams distribution, and the continuous wavelet transform were compared for estimation accuracy and precision on synthesized and real ME signals. It is found that the estimates provided by the continuous wavelet transform have better accuracy and precision than those obtained with the other time-frequency analysis methods on simulated data sets. In addition, ME signals from four subjects during three different tests (maximum static voluntary contraction, ramp contraction, and repeated isokinetic contractions) were also examined.","1558-2531","","10.1109/10.821766","","https://ieeexplore.ieee.org/stamp/stamp.jsp?arnumber=821766","","Time frequency analysis;Continuous wavelet transforms;Muscles;Fourier transforms;Signal analysis;Signal processing;Wavelet analysis;Wavelet transforms;Fatigue;Shape","Action Potentials;Adult;Analog-Digital Conversion;Computer Simulation;Fourier Analysis;Humans;Male;Models, Biological;Muscle Contraction;Muscle, Skeletal;Reference Values;Signal Processing, Computer-Assisted","265","1","36","IEEE","6 Aug 2002","Feb. 2000","","IEEE","IEEE Journals"
"Selective activation of muscle groups in the feline hindlimb through electrical microstimulation of the ventral lumbo-sacral spinal cord","V. K. Mushahwar; K. W. Horch","Division of Neuroscience, University of Alberta, Edmonton, AB, Canada; Department of Bioengineering, University of Utah, Salt Lake, UT, USA",IEEE Transactions on Rehabilitation Engineering,"6 Aug 2002","2000","8","1","11","21","Selective activation of muscle groups in the feline hindlimb by electrical stimulation of the ventral lumbo-sacral spinal cord was investigated. Spinal cord segments L5 to S1 were mapped using a penetrating tungsten needle electrode. Locations that produced isolated contraction of quadriceps, tibialis anterior or triceps surae/plantaris muscles when stimulated with a current of 40 /spl mu/A or less, and in which spread of activity to other muscles was not detected after increasing the stimulus to at least twice the threshold level, were defined as belonging to the target muscle's ""activation pool."" The quadriceps activation pool was found to extend from the beginning of L5 to the middle of L6. The tibialis anterior activation pool extended from the beginning of L6 to the middle of L7, and the triceps surae/plantaris activation pool extended from the caudal end of L6 to the beginning of S1. The three activation pools were located in Rexed motor lamina IX and their spatial organization was found to correspond well with that of the anatomically defined motor pools innervating the same muscles. The spatial and functional segregation of motor pools manifested at the spinal cord level can have direct applications in the areas of functional electrical stimulation and motor control.","1558-0024","","10.1109/86.830944","","https://ieeexplore.ieee.org/stamp/stamp.jsp?arnumber=830944","","Muscles;Spinal cord;Electrodes;Electrical stimulation;Neuromuscular stimulation;Neurons;Biomedical engineering;Cities and towns;Recruitment;Extremities","Animals;Cats;Disease Models, Animal;Electric Stimulation Therapy;Electromyography;Hindlimb;Lumbar Vertebrae;Microelectrodes;Muscle Contraction;Muscle, Skeletal;Sacrum;Sensory Thresholds;Spinal Cord;Spinal Cord Injuries","71","11","23","IEEE","6 Aug 2002","March 2000","","IEEE","IEEE Journals"
"ICFEM 2000. Third IEEE International Conference on Formal Engineering Methods","",,IEEE Transactions on Rehabilitation Engineering,"6 Aug 2002","2000","8","3","276","285","","1558-0024","","10.1109/86.867869","","https://ieeexplore.ieee.org/stamp/stamp.jsp?arnumber=867869","","Recruitment;Electrodes;Muscles;Force control;Nerve fibers;Electrical stimulation;Fatigue;Electromyography;Fluctuations;Neuromuscular","","25","","24","IEEE","6 Aug 2002","Sept. 2000","","IEEE","IEEE Journals"
"Study of myographic signals from sternomastoid muscle in patients with chronic obstructive pulmonary disease","M. A. Mananas; R. Jane; J. A. Fiz; J. Morera; P. Caminal","ESAII Department, Centre de Recerca en Enginyeria Biomèdica, Universitat Poliltècnica de Catalunya, Barcelona, Spain; ESAII Department, Centre de Recerca en Enginyeria Biomèdica, Universitat Poliltècnica de Catalunya, Barcelona, Spain; Servei de Pneumologia, Hospital Germans Trias i Pujol, Badalona, Spain; Servei de Pneumologia, Hospital Germans Trias i Pujol, Badalona, Spain; ESAII Department, Centre de Recerca en Enginyeria Biomèdica, Universitat Poliltècnica de Catalunya, Barcelona, Spain",IEEE Transactions on Biomedical Engineering,"6 Aug 2002","2000","47","5","674","681","Analysis of the respiratory muscle activity is a promising technique for diagnosis of respiratory diseases, such as chronic obstructive pulmonary disease (COPD). The sternomastoid muscle (SMM) was selected to study the activity of respiratory muscles due to its accessibility in order to define a noninvasive analysis. The aims of this work are two: analyze the relationship between the SMM function and pulmonary obstruction, and study the influence of spectral estimator on frequency parameters related with the muscle activity. For the first goal, we propose the analysis of vibromyographic and electromyographic signals from the SMM to study the muscle function during two ventilatory tests. Activity of SMM was found by means of several indexes: root-mean-square (rms) values, mean and median frequencies, and ratio between high and low-frequency components. For the second goal, spectral analysis was performed by means of nonparametric methods: Correlogram and Welch periodogram, and parametric methods: autoregressive (AR), moving average (MA), and ARMA models. It is deduced that these indexes show muscle activity and certain fatigue of the SMM, whose muscle function depends on the level of pulmonary obstruction, and they depend a lot on spectral estimator being the more suitable an AR model with high order.","1558-2531","","10.1109/10.841339","","https://ieeexplore.ieee.org/stamp/stamp.jsp?arnumber=841339","","Muscles;Diseases;Signal analysis;Testing;Electromyography;Frequency estimation;Spectral analysis;Fatigue;Parameter estimation;Life estimation","Aged;Electromyography;Humans;Linear Models;Lung Diseases, Obstructive;Male;Muscle Fatigue;Respiratory Muscles;Signal Processing, Computer-Assisted;Statistics, Nonparametric;Vibration","23","","33","IEEE","6 Aug 2002","May 2000","","IEEE","IEEE Journals"
"The effect of nerve cuff geometry on interference reduction: a study by computer modeling","M. Rahal; J. Taylor; N. Donaldson","Department of Electronic and Electrical Engineering, University College London, London, UK; Department of Electronic and Electrical Engineering, University College London, London, UK; Department of Medical Physics and Bioengineering, University College London, London, UK",IEEE Transactions on Biomedical Engineering,"6 Aug 2002","2000","47","1","136","138","The effect of nonlinearity in the extrafascicular field in tripolar electrode cuffs on interference pick-up was investigated, it was concluded that the interference is sensitive to electrode separation, especially in short cuffs, this suggests that significant improvements can be obtained by placing the end electrodes a few mm from the cuff ends.","1558-2531","","10.1109/10.817629","","https://ieeexplore.ieee.org/stamp/stamp.jsp?arnumber=817629","","Computational geometry;Interference;Solid modeling;Electromyography;Biomedical electrodes;Insulation;Voltage;Circuits;Immune system;Force sensors","Computer Simulation;Electric Conductivity;Electrodes;Electromyography;Equipment Design;Models, Neurological;Nonlinear Dynamics","27","","17","IEEE","6 Aug 2002","Jan. 2000","","IEEE","IEEE Journals"
"Coil design for real and sham transcranial magnetic stimulation","J. Ruohonen; M. Ollikainen; V. Nikouline; J. Virtanen; R. J. Ilmoniemi","BioMag Laboratory Medical Engineering Centre, HYKS, Helsinki University of Central Hospital, Finland; BioMag Laboratory Medical Engineering Centre, HYKS, Helsinki University of Central Hospital, Finland; BioMag Laboratory Medical Engineering Centre, HYKS, Helsinki University of Central Hospital, Finland; Cognitive Brain Research Unit, University of Helsinki, Helsinki, Finland; BioMag Laboratory Medical Engineering Centre, HYKS, Helsinki University of Central Hospital, Finland",IEEE Transactions on Biomedical Engineering,"6 Aug 2002","2000","47","2","145","148","Transcranial magnetic stimulation (TMS) can be used to excite the human cortex noninvasively. TMS also activates scalp muscles and sensory receptors; additionally, the loud sound from the stimulating coil activates auditory pathways. These side effects complicate the interpretation of the results of TMS studies. For control experiments, the authors have designed a coil that can produce both real and sham stimulation without moving the coil. The sham TMS is similar to the real TMS, except for the different relative direction of the currents in the two loops of the figure of eight coil. While the real TMS elicited activation of hand muscles, sham TMS had no such effect; however, the auditory-evoked potentials were similar.","1558-2531","","10.1109/10.821731","","https://ieeexplore.ieee.org/stamp/stamp.jsp?arnumber=821731","","Magnetic stimulation;Coils;Scalp;Biomedical engineering;Muscles;Hospitals;Humans;Electroencephalography;Magnetic heads;Cerebral cortex","Electroencephalography;Electromyography;Equipment Design;Evoked Potentials, Auditory;Humans;Muscle, Skeletal;Physical Stimulation;Reference Values;Transcranial Magnetic Stimulation","52","5","20","IEEE","6 Aug 2002","Feb. 2000","","IEEE","IEEE Journals"
"Limit cycle behavior in spasticity: analysis and evaluation","J. M. Hidler; W. Z. Rymer","Department of Biomedical Engineering, Northwestern University, Evanston, IL, USA; Departments of Physiology and Physical Medicine and Rehabilitation, Northwestern University Medical School, Chicago, IL, USA",IEEE Transactions on Biomedical Engineering,"6 Aug 2002","2000","47","12","1565","1575","The authors examined ankle clonus in four spastic subjects to determine whether this oscillatory behavior has the properties of a limit cycle, and whether it is driven by peripheral sensory input or by a spinal generator. Using Floquet Theory and Poincare sections to assess reflex stability, the authors found that cycle-to-cycle variability was small, such that the Floquet multipliers were always less than unity. Furthermore, the steady-state periodic orbit was not dependent on the initial position of the ankle. Both of these findings, coupled with strong correlations between the size of the applied load and the frequency of ankle movements and electromyogram burst frequency suggests that clonus behaves as a locally stable limit cycle driven from peripheral receptors. To better understand how nonlinear elements might produce stable oscillatory motion, the authors simulated the ankle stretch reflex response. They found that delays in the pathway caused the reflex to come on during the shortening phase of movement, so the additional reflex torque required to sustain oscillatory ankle movements was quite small. Furthermore, because the resistance to stretch is largely due to passive mechanics whose properties are quite stationary, the system is robust to small perturbations within the reflex pathway.","1558-2531","","10.1109/10.887937","","https://ieeexplore.ieee.org/stamp/stamp.jsp?arnumber=887937","","Limit-cycles;Frequency;Stability;Delay;Mechanical factors;Muscles;Biomedical engineering;Steady-state;Torque;Immune system","Adult;Ankle;Biomechanics;Computer Simulation;Electromyography;Humans;Male;Models, Biological;Muscle Spasticity;Muscle Spasticity;Nonlinear Dynamics;Periodicity;Range of Motion, Articular;Reflex, Stretch;Signal Processing, Computer-Assisted;Spinal Cord Injuries;Torque","31","","24","IEEE","6 Aug 2002","Dec. 2000","","IEEE","IEEE Journals"
"Direct control of a computer from the human central nervous system","P. R. Kennedy; R. A. E. Bakay; M. M. Moore; K. Adams; J. Goldwaithe","Neural Signals, Inc., Atlanta, GA, USA; Department of Neurosurgery, Emory University School of Medicine, Atlanta, GA, USA; Department of Computer Sciences, Georgia State University, Atlanta, GA, USA; Neural Signals, Inc., Atlanta, GA, USA; Center for Rehabilitation Technology, Georgia Institute of Technology, Atlanta, GA, USA",IEEE Transactions on Rehabilitation Engineering,"6 Aug 2002","2000","8","2","198","202","Describes an invasive alternative to externally applied brain-computer interface (BCI) devices. This system requires implantation of a special electrode into the outer layers of the human neocortex. The recorded signals are transmitted to a nearby receiver and processed to drive a cursor on a computer monitor in front of the patient. The authors' present patient has learned to control the cursor for the production of synthetic speech and typing.","1558-0024","","10.1109/86.847815","","https://ieeexplore.ieee.org/stamp/stamp.jsp?arnumber=847815","","Centralized control;Control systems;Humans;Central nervous system;Brain computer interfaces;Electrodes;Signal processing;Drives;Computer displays;Speech","Biofeedback, Psychology;Communication Aids for Disabled;Electrodes, Implanted;Electroencephalography;Evoked Potentials;Female;Humans;Male;Motor Neuron Disease;Neocortex;Quadriplegia;Software;User-Computer Interface","410","30","9","IEEE","6 Aug 2002","June 2000","","IEEE","IEEE Journals"
"Detection of fatigue in the isometric electrical activation of paralyzed hand muscles of persons with tetraplegia","J. M. Heasman; T. R. D. Scott; V. A. Vare; R. Y. Flynn; C. R. Gschwind; J. W. Middleton; S. B. Butkowski","Quadriplegic Hand Research Unit, Saint Leonards, NSW, Australia; Quadriplegic Hand Research Unit, Saint Leonards, NSW, Australia; Quadriplegic Hand Research Unit, Saint Leonards, NSW, Australia; Quadriplegic Hand Research Unit, Saint Leonards, NSW, Australia; Quadriplegic Hand Research Unit, Saint Leonards, NSW, Australia; Quadriplegic Hand Research Unit, Saint Leonards, NSW, Australia; NA",IEEE Transactions on Rehabilitation Engineering,"6 Aug 2002","2000","8","3","286","296","Paralyzed muscle fatigue is the eventual depression of force due to either prolonged or repetitive electrical stimulation of motor units. The robustness and safety of future functional electrical stimulation (FES) systems will rely on their ability to detect the onset of muscle fatigue. The relative degree of muscle activation can be estimated by monitoring the M-wave. The aim of this study was to test a proposed method of quantitative fatigue assessment that detects muscle force output and its corresponding M-wave measured concurrently. The detection of force and M-wave concurrently allows any reduction in muscle force output to be attributed to either changes in the fatigue state of the stimulated muscle or changes in the degree of stimulus activation of that muscle. The fatigue assessment scheme can thereby accommodate the corresponding changes in muscle force caused by an alteration in the stimulation intensity during fatigue. The Extensor Digitorum Communis (EDC), Extensor Pollicis Longus (EPL), and Flexor Pollicis Longus (FPL) muscles of two C5/C6 tetraplegic men were studied. Stimulation recruitment tests over the pulsewidth range from 0 to 200 /spl mu/s, were performed at intervals during 20 min of maximal stimulation (200 /spl mu/s). Muscle force correlated to the M-wave parameter, second phase area, with mean correlation coefficients of greater than 0.82, when the muscle was in either a nonfatigued or fatiguing state. After the initial force, likely to be primarily due to the fast glycolytic (FG) motor units, had declined the M-wave demonstrated only minor changes throughout the fatigue of muscle force during 20 min of constant maximal stimulation. The second phase area and root-mean-square (rms) of the M-wave reflected muscle activation during modulated stimulation and also remained relatively constant during the fatigue-related force decline when the muscle was stimulated at a constant intensity. This detection of M-wave parameters satisfies the defined requirement for a myoelectric parameter that indicates electrical activation, but is relatively invariant to muscular fatigue.","1558-0024","","10.1109/86.867870","","https://ieeexplore.ieee.org/stamp/stamp.jsp?arnumber=867870","","Fatigue;Muscles;Testing;Force measurement;Electrical stimulation;Robustness;Electrical safety;Neuromuscular stimulation;Monitoring;Page description languages","Action Potentials;Electric Stimulation Therapy;Electromyography;Hand;Humans;Isometric Contraction;Male;Monitoring, Physiologic;Muscle Fatigue;Psychomotor Performance;Quadriplegia;Recruitment, Neurophysiological;Signal Processing, Computer-Assisted;Time Factors","21","","28","IEEE","6 Aug 2002","Sept. 2000","","IEEE","IEEE Journals"
"Improving the accuracy of the boundary element method by the use of second-order interpolation functions [EEG modeling application]","J. H. M. Frijns; S. L. de Snoo; R. Schoonhoven","E.N.T. Department, Leiden University Medical Center, Leiden, Netherlands; E.N.T. Department, Leiden University Medical Center, Leiden, Netherlands; E.N.T. Department, Leiden University Medical Center, Leiden, Netherlands",IEEE Transactions on Biomedical Engineering,"6 Aug 2002","2000","47","10","1336","1346","The boundary element method (BEM) is a widely used method to solve biomedical electromagnetic volume conduction problems. The commonly used formulation of this method uses constant interpolation functions for the potential and flat triangular surface elements. Linear interpolation for the potential on a flat triangular mesh turned out to yield a better accuracy. In this paper, the authors introduce quadratic interpolation functions for the potential and quadratically curved surface elements, resulting from second-order spatial interpolation. Theoretically, this results in an accuracy that is inversely proportional to the third power of element size. The method is tested on a four concentric sphere geometry, representative for electroencephalogram modeling, and compared to previous solutions of this problem in literature. In addition, a cylindrical test configuration is used. It is concluded that the use of quadratic interpolation functions for the potential and of quadratically curved surface elements in BEM results in a significant increase in accuracy and in some cases even a reduction of the computation time with the same number of nodes involved in the calculations.","1558-2531","","10.1109/10.871407","","https://ieeexplore.ieee.org/stamp/stamp.jsp?arnumber=871407","","Boundary element methods;Interpolation;Testing;Conductors;Distributed computing;Biomedical imaging;Electromyography;Associate members;Geometry;Brain modeling","Algorithms;Electroencephalography;Humans;Linear Models;Models, Neurological;Signal Processing, Computer-Assisted","40","","35","IEEE","6 Aug 2002","Oct. 2000","","IEEE","IEEE Journals"
"Cycling by means of functional electrical stimulation","M. Gfohler; P. Lugner","Department of Mechanics, University of Technology, Vienna, Vienna, Austria; Department of Mechanics, University of Technology, Vienna, Vienna, Austria",IEEE Transactions on Rehabilitation Engineering,"6 Aug 2002","2000","8","2","233","243","The goal of this paper was the development of an optimized stimulation pattern of leg muscles that would allow paraplegic subjects to perform the movement of pedaling and thereby to drive a tricycle by means of functional electrical stimulation (FES). To obtain maximum average power output with minimum muscle force, the start, duration and amplitude of the stimulation signal applied to the individual muscles had to be optimized depending on the pedaling frequency. For the basic theoretical investigations the rider-tricycle system was modeled as a rigid body system on which the muscle forces are applied as joint moments. The muscles gluteus maximus, rectus femoris, vastii, and hamstrings were stimulated and the passive forces of some other muscles were considered. The modeling and simulation approach was then used to produce maximum power pedaling and steady-state pedaling at 35 rpm. Hamstrings (41.9 %) and vastii (35.8 %) were the primary contributors to the optimization cost function of maximum power with minimum muscle loading. Based on these theoretical investigations an efficient stimulation pattern could be provided, taking into account the realistic possibilities of today's practical applications.","1558-0024","","10.1109/86.847825","","https://ieeexplore.ieee.org/stamp/stamp.jsp?arnumber=847825","","Neuromuscular stimulation;Muscles;Leg;Electromyography;Wheels;Power system modeling;Electrodes;Kinematics;Frequency;Joints","Bicycling;Biomechanical Phenomena;Computer Simulation;Electric Stimulation Therapy;Humans;Leg;Muscle, Skeletal;Paraplegia;User-Computer Interface","37","","33","IEEE","6 Aug 2002","June 2000","","IEEE","IEEE Journals"
"Applications of cortical signals to neuroprosthetic control: a critical review","R. T. Lauer; P. H. Peckham; K. L. Kilgore; W. J. Heetderks","Louis Stokes Cleveland VA Medical CenterMetroHealth Medical Center FES Center, Case Western Reserve University, Cleveland, OH, USA; Louis Stokes Cleveland VA Medical CenterMetroHealth Medical Center FES Center, Case Western Reserve University, Cleveland, OH, USA; Louis Stokes Cleveland VA Medical CenterMetroHealth Medical Center FES Center, Case Western Reserve University, Cleveland, OH, USA; Louis Stokes Cleveland VA Medical CenterMetroHealth Medical Center FES Center, National Institutes of Health DHHS, Bethesda, MD, USA",IEEE Transactions on Rehabilitation Engineering,"6 Aug 2002","2000","8","2","205","208","Cortical signals might provide a potential means of interfacing with a neuroprosthesis. Guidelines regarding the necessary control features in terms of both performance characteristics and user requirements are presented, and their implications for the design of a first generation cortical control interface for a neuroprosthesis are discussed.","1558-0024","","10.1109/86.847817","","https://ieeexplore.ieee.org/stamp/stamp.jsp?arnumber=847817","","Neural prosthesis;Shoulder;Muscles;Proportional control;Research and development;Transducers;Radio frequency;Signal generators;Switches;Guidelines","Cerebral Cortex;Communication Aids for Disabled;Electroencephalography;Hand;Hand Strength;Humans;Prosthesis Design;Signal Processing, Computer-Assisted;Spinal Cord Injuries;User-Computer Interface","88","1","29","IEEE","6 Aug 2002","June 2000","","IEEE","IEEE Journals"
"A two-stage discrimination of cardiac arrhythmias using a total least squares-based Prony modeling algorithm","Szi-Wen Chen","Department of Electronic Engineering, Chang Gung University, Taoyuan, Taiwan",IEEE Transactions on Biomedical Engineering,"6 Aug 2002","2000","47","10","1317","1327","Describes a new approach for the discrimination among ventricular fibrillation (VF), ventricular tachycardia (VT) and superventricular tachycardia (SVT) developed using a total least squares (TLS)-based Prony modeling algorithm. Two features, dubbed energy fractional factor (EFF) and predominant frequency (PP), are both derived from the TLS-based Prony model. In general, EFF is adopted for discriminating SVT from ventricular tachyarrhythmias (i.e., VF and VT) first, and PF is then used for further separation of VF and VT. Overall classification is achieved by performing a two-stage process to the indicators defined by EFF and PF values, respectively. Tests conducted using 91 episodes drawn from the MIT-BIH database produced optimal predictive accuracy of (SVT, VF, VT)=(95.24%, 96.00%, 97.78%). A data decimation process is also introduced in the novel method to enhance the computational efficiency, resulting in a significant reduction in the time required for generating the feature values.","1558-2531","","10.1109/10.871404","","https://ieeexplore.ieee.org/stamp/stamp.jsp?arnumber=871404","","Electrocardiography;Hidden Markov models;Rhythm;Fibrillation;Error analysis;Least squares methods;Frequency;Testing;Spatial databases;Accuracy","Algorithms;Diagnosis, Differential;Diagnostic Errors;Electrocardiography;Heart Rate;Humans;Least-Squares Analysis;Signal Processing, Computer-Assisted;Tachycardia, Supraventricular;Tachycardia, Ventricular;Ventricular Fibrillation","57","","24","IEEE","6 Aug 2002","Oct. 2000","","IEEE","IEEE Journals"
"An analytical approach to signal reconstruction using Gaussian approximations applied to randomly generated and flow cytometric data","M. Adjouadi; C. Reyes; P. Vidal; A. B. Barreto","Department of Electrical and Computer Engineering, Florida International University, Miami, FL, USA; Department of Electrical and Computer Engineering, Florida International University, Miami, FL, USA; Department of Electrical and Computer Engineering, Florida International University, Miami, FL, USA; NA",IEEE Transactions on Signal Processing,"6 Aug 2002","2000","48","10","2839","2849","This study introduces an analytical approach to signal reconstruction using Gaussian distributions. A major problem encountered in real-world data distributions is in the ability to accurately separate those data distributions that experience overlap. A first objective then is to develop a method of determining accurately the characteristics of a given distribution even when it has been affected by another distribution that lies close to it. In addition, normally, two-dimensional (2-D) Gaussian distributions are described by means of a correlation coefficient, but in this case, a normal 2-D distribution will be assumed in a direction parallel to a reference axis and then rotated by some angle /spl theta/. This outcome will not affect the results in terms of the standard use of the correlation coefficient. In this study, an attempt is made to provide a highly accurate yet computationally inexpensive approach of resolving the problem of overlap as we seek the reconstruction of signals through Gaussian curve fitting. Implementation results are shown in support of this assertion.","1941-0476","","10.1109/78.869034","","https://ieeexplore.ieee.org/stamp/stamp.jsp?arnumber=869034","","Signal analysis;Signal reconstruction;Gaussian distribution;Two dimensional displays;Curve fitting;Gaussian approximation;Signal generators;Signal resolution;Data mining;Educational technology","","2","","23","IEEE","6 Aug 2002","Oct. 2000","","IEEE","IEEE Journals"
"Muscle recruitment through electrical stimulation of the lumbo-sacral spinal cord","V. K. Mushahwar; K. W. Horch","Dept. of Bioeng., Utah Univ., Salt Lake City, UT, USA; NA",IEEE Transactions on Rehabilitation Engineering,"6 Aug 2002","2000","8","1","22","29","The goal of this study was to determine the feasibility of producing graded muscle contraction in individual muscles or muscle groups by electrically stimulating motor neurons in the lumbo-sacral spinal cord. Recruitment curves were obtained for quadriceps, tibialis anterior and triceps surae/plantaris by stimulating their activation pools in the ventral horn of the feline spinal cord. Mean twitch times-to-peak for quadriceps, tibialis anterior and triceps surae/plantaris were 33.0, 41.0, and 36.0 ms, respectively. Twitch duration as a function of stimulus strength demonstrated a mixed motor unit recruitment order, distinctively different from the inverse recruitment order exhibited by conventional methods of electrical stimulation of peripheral nerve. The recruitment curve slopes (expressed as a percentage of maximum force per nanocurrent of delivered charge) were shallow: 7.9 for quadriceps, 2.6 for tibialis anterior and 8.5 for triceps surae/plantaris. These results show that graded control of force in individual muscles or muscle groups can be obtained through spinal cord stimulation, and suggest that spinal cord stimulation could be used for functional neuromuscular stimulation applications.","1558-0024","","10.1109/86.830945","","https://ieeexplore.ieee.org/stamp/stamp.jsp?arnumber=830945","","Muscles;Recruitment;Electrical stimulation;Spinal cord;Electrodes;Neurons;Neuromuscular stimulation;Force control;Biomedical engineering;Cities and towns","Animals;Cats;Disease Models, Animal;Electric Stimulation Therapy;Electromyography;Lumbar Vertebrae;Microelectrodes;Motor Neurons;Muscle Contraction;Muscle, Skeletal;Recruitment, Neurophysiological;Sacrum;Spinal Cord;Spinal Cord Injuries;Time Factors","59","22","50","IEEE","6 Aug 2002","March 2000","","IEEE","IEEE Journals"
"Modeling study of peripheral nerve recording selectivity","J. Perez-Orive; D. M. Durund","Department of BiomedicalEngineering, Neural Engineering Center, Case Western Reserve University, Cleveland, OH, USA; NA",IEEE Transactions on Rehabilitation Engineering,"6 Aug 2002","2000","8","3","320","329","Recording of sensory information from afferent fibers can be used as feedback for the closed-loop control of neural prostheses. Clinical applications suggest that recording selectively from various nerve fascicles is important. Current nerve cuff electrodes are generally circular in shape and use a tripolar recording configuration. Preliminary experiments suggest that slowly changing the shape of the nerve to a flatter cross section can improve its selectivity. The objective of this work is to determine the effects of nerve reshaping and other cuff design parameters on the fascicular recording selectivity of a nerve cuff. A finite-element computer model of a multifasciculated nerve with different cuff electrodes was implemented to simulate the recordings. The model included the inhomogeneous and anisotropic properties of peripheral nerves. The recording selectivity was quantified with the use of a Selectivity Index. The results from the model provided information regarding the effect of using monopolar versus tripolar recording configurations, the length of the tripoles in tripolar recordings, the number of contacts that maximize the selectivity index, and the cuff length. Nerve reshaping was found to cause important recording selectivity improvements (106% average). These results provide specific criteria for the design of selectively recording nerve cuff electrodes.","1558-0024","","10.1109/86.867874","","https://ieeexplore.ieee.org/stamp/stamp.jsp?arnumber=867874","","Electrodes;Shape;Optical fiber sensors;Neurofeedback;Prosthetics;Finite element methods;Anisotropic magnetoresistance;Biosensors;Mechanical sensors;Computational modeling","Afferent Pathways;Anisotropy;Artificial Limbs;Electric Stimulation Therapy;Electrodes, Implanted;Electromyography;Equipment Design;Feedback;Finite Element Analysis;Humans;Models, Neurological;Peripheral Nerves;Signal Processing, Computer-Assisted","38","","35","IEEE","6 Aug 2002","Sept. 2000","","IEEE","IEEE Journals"
"Multimicroelectrode stimulation within the cat L6 spinal cord: influences of electrode combinations and stimulus interleave time on knee joint extension torque","Changfeng Tai; A. M. Booth; C. J. Robinson; W. C. de Groat; J. R. Roppolo","Department of Pharmacology, University of Pittsburgh, Pittsburgh, PA, USA; Department of Pharmacology, University of Pittsburgh, Pittsburgh, PA, USA; Center for Rehabilitation Science and Biomedical Engineering, Louisiana Tech University, Ruston, LA, USA; Department of Pharmacology, University of Pittsburgh, Pittsburgh, PA, USA; Department of Pharmacology, University of Pittsburgh, Pittsburgh, PA, USA",IEEE Transactions on Rehabilitation Engineering,"6 Aug 2002","2000","8","1","1","10","During multimicroelectrode stimulation within the cat L6 spinal cord, the number of electrodes activated, their separation distance, and the stimulus interleave time all influenced isometric knee joint extension torque. The torque evoked by stimulation with a three electrode combination could be enhanced or suppressed when compared with that evoked by single or paired electrode stimulation. A similar difference was noted when comparing two electrode combination versus single electrode stimulation. Relative fatigue was not improved significantly by interleaving the stimuli from two or three microelectrodes. Compared with the extension torque response evoked by noninterleaved stimulation, torque evoked by interleaved stimulation with the two microelectrode combination was decreased when the electrode distance was 2.0 mm or less and increased when the electrode distance was 3.0 mm. Designing an optimal stimulation strategy for multimicroelectrode spinal cord stimulation will be challenging and complex if a suppression effect among these electrodes is to be avoided. To reduce muscle fatigue, an asynchronous, interleaved strategy of stimulation may be required.","1558-0024","","10.1109/86.830943","","https://ieeexplore.ieee.org/stamp/stamp.jsp?arnumber=830943","","Spinal cord;Electrodes;Torque;Muscles;Microelectrodes;Knee;Fatigue;Micromotors;Animals;Electrical stimulation","Animals;Cats;Disease Models, Animal;Electric Stimulation Therapy;Electromyography;Knee Joint;Lumbar Vertebrae;Male;Microelectrodes;Muscle Contraction;Muscle Fatigue;Random Allocation;Range of Motion, Articular;Reaction Time;Sacrum;Spinal Cord;Spinal Cord Injuries;Time Factors;Torque","14","","27","IEEE","6 Aug 2002","March 2000","","IEEE","IEEE Journals"
"Noninvasive feature-based detection of delayed gastric emptying in humans using neural networks","J. D. Z. Chen; Zhiyue Lin; R. W. McCallum","GI Division, Department of Internal Medicine, University of of Texas Medical Branch, Galveston, TX, USA; Department of Medicine, University of Kansas Medical Center, Kansas City, KS, USA; Department of Medicine, University of Kansas Medical Center, Kansas City, KS, USA",IEEE Transactions on Biomedical Engineering,"6 Aug 2002","2000","47","3","409","412","Radioscintigraphy is currently the gold standard for gastric emptying test which involves radiation exposure and is considerably expensive. The authors present a feature-based detection approach using neural networks for the noninvasive diagnosis of delayed gastric emptying from the cutaneous electrogastrogram (EGG). Simultaneous recordings of the EGG and scintigraphic gastric emptying test were made in 152 patients with symptoms suggestive of delayed gastric emptying. Spectral analyses were performed to derive EGG parameters which were used as the input of the neural network. The result of scintigraphic gastric emptying was used as the gold standard for the training and testing of the neural network. A correct classification of 85% (a specificity of 89% and a sensitivity of 82%) was achieved using the proposed method.","1558-2531","","10.1109/10.827310","","https://ieeexplore.ieee.org/stamp/stamp.jsp?arnumber=827310","","Computer vision;Intelligent networks;Humans;Neural networks;Testing;Frequency;Stomach;Delay;Gold;Spectral analysis","Adolescent;Adult;Aged;Artifacts;Electromyography;Female;Gastric Emptying;Humans;Male;Middle Aged;Neural Networks (Computer);Signal Processing, Computer-Assisted;Stomach Diseases","11","","18","IEEE","6 Aug 2002","March 2000","","IEEE","IEEE Journals"
"Nonlinear adaptive noise compensation in electrogastrograms recorded from healthy dogs","M. P. Mintchev; A. Girard; K. L. Bowes","Departments of Surgery, University of Alberta, Edmonton, Canada; Department of Engineering, Universite d'Orleans, Orleans, France; Department of Surgery, University of Alberta, Edmonton, Canada",IEEE Transactions on Biomedical Engineering,"6 Aug 2002","2000","47","2","239","248","Adaptive noise compensation is a popular method for improving signal-to-noise ratio in a variety of biomedical applications with its major disadvantage being the requirement for a reference channel containing noise strongly correlated to the noise in the primary channel. In many biomedical applications the utilization of a channel containing such noise without any representation of the information signal is difficult if not impossible. In this study the authors investigated the possibility of applying adaptive compensation in nonideal noise environments containing substantial presence of information signal in the reference channel. The signal in the reference channel was subjected to nonlinear manipulations for reducing the signal-to-noise ratio, thus diminishing the representation of information signal. The methodology was tested on canine electrogastrographic (EGG) signals of 4 unconscious dogs which underwent laparotomy and implantation of 6 pairs internal stainless steel electrodes in addition to the 8-channel abdominal EGG. Fourteen-channel (6 internal and 8 cutaneous) were obtained from each dog for 1/2 h. The signals were digitized and processed by computer. All internal signals showed regular and coupled gastric electrical activity with frequency of repetition in the normogastric range [3-9 cycles-per-minute (cpm)]. A single pair of primary and reference channels was selected from each cutaneous recording and exponential manipulators in the reference channels were introduced. The manipulators were tuned to maximize the percent distribution of spectral components in the canine normogastric range of each frequency spectrum calculated from the signal at the output of the adaptive compensator. Significant increment in the percent distributions in the normogastric range (p<0.01) was noted after tuning the exponential manipulator, and in many frequency spectra the recovery of the genuine dominant frequency peak of gastric electrical activity as determined by the internal recordings was noted. This study indicated that low percent distributions registered by some EGG channels are related to external nonlinear factors, the impart of which can be partially compensated.","1558-2531","","10.1109/10.821769","","https://ieeexplore.ieee.org/stamp/stamp.jsp?arnumber=821769","","Dogs;Signal to noise ratio;Working environment noise;Frequency;Testing;Steel;Electrodes;Abdomen;Signal processing;Couplings","Animals;Artifacts;Dogs;Electromyography;Models, Biological;Muscle Contraction;Nonlinear Dynamics;Signal Processing, Computer-Assisted;Stomach","8","","17","IEEE","6 Aug 2002","Feb. 2000","","IEEE","IEEE Journals"
"Analysis of passive elastic joint moment in paraplegics","T. Edrich; R. Riener; J. Quintern","Department of Neurology, University Hospital Grosshadern, Ludwig-Maximilians University, Munich, Germany; Institute of Automatic Control Engineering, Technical University Munich, Munich, Germany; Department of Neurology, University Hospital Grosshadern, Ludwig-Maximilians University, Munich, Germany",IEEE Transactions on Biomedical Engineering,"6 Aug 2002","2000","47","8","1058","1065","In the functional electrical stimulation of the lower extremity of paraplegics to achieve standing and walking, a mathematical model describing the passive elastic joint moments is essential in order to implement model-based control algorithms. In a previous investigation of ten normal persons the authors had found significant coupling of passive, elastic joint moments between neighboring joints due to muscle groups that span both joints (biarticular muscles). Thus, the authors now investigated the biarticular coupling in 6 paraplegic patients. A comparison to the averaged results of the ten normal persons showed that while the biarticular joint moment coupling due to the gastrocnemius muscle was well preserved in all patients, the coupling due to the rectus femoris was greatly reduced and the coupling due to the hamstring muscle group was negligible. The authors offer pathophysiologically based explanations for these characteristic differences including the speculation that the predominantly extensor-type spasticity in the authors' patients exercises mainly the anti-gravity muscles such as the gastrocnemius and the rectus femoris, while permitting greater atrophy of the hamstring muscle group. A previously presented double-exponential equation that predicts the joint moments under consideration of the neighboring joint angles could be fitted well to the experimental data.","1558-2531","","10.1109/10.855933","","https://ieeexplore.ieee.org/stamp/stamp.jsp?arnumber=855933","","Muscles;Mathematical model;Knee;Extremities;Hip;Neuromuscular stimulation;Legged locomotion;Nervous system;Hospitals;Atrophy","Adult;Biomedical Engineering;Elasticity;Electric Stimulation Therapy;Female;Humans;Joints;Male;Movement;Paraplegia;Paraplegia","42","","18","IEEE","6 Aug 2002","Aug. 2000","","IEEE","IEEE Journals"
"A clinically oriented video-based system for quantification of eyelid movements","S. Miyazaki; A. Ishida; A. Komatsuzaki","Department of Biomedical Information, Division of Biosystems, Institute of Biomaterials and Bioengineering, Tokyo Medical and Dental University, Chiyoda, Tokyo, Japan; Department of Biomedical Information, Division of Biosystems, Institute of Biomaterials and Bioengineering, Tokyo Medical and Dental University, Tokyo, Japan; Department of Otorhinolaryngology, Faculty of Medicine, Tokyo Medical and Dental University, Tokyo, Japan",IEEE Transactions on Biomedical Engineering,"6 Aug 2002","2000","47","8","1088","1096","A fieldworthy system was developed to quantify the eyelid movements in clinical sites. The system consists of a home-use charge-coupled device video camera, a processing unit, and a personal computer. A white marker of 4-mm diameter and 30-mg weight is attached to the lower margin of the upper eyelid. The processing unit automatically detects the vertical displacement of the upper edge of the marker. One marker is attached to each eye so that the movements of the both eyelids are measured with one camera simultaneously. The measurement error of the system was evaluated in experiments on eight healthy subjects and eight patients with eyelid paralysis. The mean of the absolute error of peak amplitudes occurring in 2 min was 0.81 mm, with the worst error being +1.7 mm. The reproducibility of the mean peak amplitude measured on five consecutive days was within 1 mm. The mean peak amplitudes of both eyes were measured preoperatively and postoperatively for approximately three months for three patients who were operated on to remove vestibular schwannoma. The results demonstrated basic clinical utility of the system.","1558-2531","","10.1109/10.855937","","https://ieeexplore.ieee.org/stamp/stamp.jsp?arnumber=855937","","Eyelids;Biomedical imaging;Biomedical measurements;Cameras;Electrooculography;Dentistry;Image edge detection;Measurement errors;Eyes;Electromyography","Adult;Aged;Biomedical Engineering;Eyelids;Eyelids;Facial Paralysis;Female;Humans;Male;Middle Aged;Monitoring, Physiologic;Movement;Videotape Recording","8","1","12","IEEE","6 Aug 2002","Aug. 2000","","IEEE","IEEE Journals"
"Toward computers that recognize and respond to user emotion","R. W. Picard","MIT Media Laboratory, Cambridge, MA, USA",IBM Systems Journal,"6 Apr 2010","2000","39","3.4","705","719","For a long time emotions have been kept out of the deliberate tools of science; scientists have expressed emotion, but no tools could sense and respond to their affective information. This paper highlights research at the MIT Media Laboratory aimed at giving computers the ability to comfortably sense, recognize, and respond to the human communication of emotion, especially affective states such as frustration, confusion, interest, distress, anger, and joy. Two main themes of sensing—self-report and concurrent expression—are described, together with examples of systems that give users new ways to communicate emotion to computers and, through computers, to other people. In addition to building systems that try to elicit and detect frustration, our research group has built a system that responds to user frustration in a way that appears to help alleviate it. This paper highlights applications of this research to interface design, wearable computing, entertainment, and education, and briefly presents some potential ethical concerns and how they might be addressed.","0018-8670","","10.1147/sj.393.0705","","https://ieeexplore.ieee.org/stamp/stamp.jsp?arnumber=5387031","","","","146","4","","","6 Apr 2010","2000","","IBM","IBM Journals"
"Studies of detrusor-sphincter synergia and dyssynergia during micturition in rats via fractional Brownian motion","Shyang Chang; Shu-Ting Mao; Shih-Jen Hu; Wen-Ching Lin; Chen-Li Cheng","Department of Electrical Engineering, National Tsing Hua University, Hsinchu, Taiwan; Department of Electrical Engineering, National Tsing Hua University, Hsinchu, Taiwan; Department of Electrical Engineering, National Tsing Hua University, Hsinchu, Taiwan; Division of Urology, Department of Surgery, Taichung Veterans General Hospital, Taichung, Taiwan; Division of Urology, Department of Surgery, Taichung Veterans General Hospital, Taichung, Taiwan",IEEE Transactions on Biomedical Engineering,"6 Aug 2002","2000","47","8","1066","1073","In normal humans, the bladder is supposed to empty by a synergistic contraction of the detrusor and relaxation of the sphincter during micturition. By contrast, suprasacral spinal cord injury (SCI) patients usually will have both of them contract simultaneously and result in the so-called detrusor-sphincter dyssynergia. In this study, the cystometrograms of the detrusor and the electromyograms of external urethral sphincter of intact and SCI female Wistar rats are used to investigate the detrosor-sphincter synergia and dyssynergia during micturition. Due to the statistical self-similarity of the waveforms, the cystometrogram is modeled as discrete-time fractional Brownian motion and the electromyogram as discrete-time fractional Gaussian noise. Fractal dimensions of both of them are calculated and used as indices in the investigation of synergia. Results indicate that, for intact rats, the sphincter muscle is not only active but also recruited in a synchronous fashion with the detrusor. Furthermore, clear-cut measure using the fractal dimensions can be used to diagnose detrusor-sphincter synergia and dyssynergia.","1558-2531","","10.1109/10.855934","","https://ieeexplore.ieee.org/stamp/stamp.jsp?arnumber=855934","","Rats;Brownian motion;Fractals;Humans;Bladder;Spinal cord injury;Contracts;Gaussian noise;Muscles;Recruitment","Algorithms;Animals;Biomedical Engineering;Female;Fractals;Humans;Models, Biological;Muscle Contraction;Rats;Rats, Wistar;Spinal Cord Injuries;Urinary Tract;Urinary Tract Physiology;Urination","28","","21","IEEE","6 Aug 2002","Aug. 2000","","IEEE","IEEE Journals"
"The use of selective electrical stimulation of the quadriceps to improve standing function in paraplegia","J. P. Uhlir; R. J. Triolo; R. Kobetic","Rehabilitation Engineering Center, Metro Health Medical Center, Cleveland, OH, USA; Rehabilitation Engineering Center, Metro Health Medical Center, Cleveland, OH, USA; Rehabilitation Engineering Center, Metro Health Medical Center, Cleveland, OH, USA",IEEE Transactions on Rehabilitation Engineering,"6 Aug 2002","2000","8","4","514","522","Persons with spinal cord injury (SCI) can benefit significantly from functional neuromuscular stimulation (FNS) systems for standing if manual tasks can be performed while upright. Using FNS to sufficiently activate the knee extensors to rise from a sitting position often results in inadvertent activation of the rectus femoris and/or sartorius, which flex the hip. In this study, intramuscular electrodes implanted in the vastus lateralis and medialis of four subjects with SCI were used to activate these muscles individually and simultaneously to measure knee extension moment. Support forces applied to the arms and feet were measured while upright to quantify the effects of recruiting rectus femoris and/or sartorius. In three of the four subjects, vastus lateralis, by itself, generated adequate knee extension moment for rising from a chair and to maintain static standing. Simultaneous activation of the vastus lateralis and medialis using a bifurcated electrode generated adequate knee extension moment in one subject, and was within 10% of the required moment in another. While upright, activation of the rectus femoris resulted in arm support force increases of 4-11% body weight, while deactivation resulted in arm support force decreases of 6-9% body weight. The results indicate that selective activation of the vastus lateralis, individually or in combination with vastus medialis, can improve current FNS standing systems by reducing the arm support forces required to remain upright.","1558-0024","","10.1109/86.895955","","https://ieeexplore.ieee.org/stamp/stamp.jsp?arnumber=895955","","Electrical stimulation;Knee;Electrodes;Spinal cord injury;Neuromuscular stimulation;Hip;Muscles;Arm;Force measurement;Recruitment","Biomechanical Phenomena;Electric Stimulation;Humans;Knee Joint;Leg;Male;Muscle, Skeletal;Paraplegia;Posture;Recruitment, Neurophysiological","22","","27","IEEE","6 Aug 2002","Dec. 2000","","IEEE","IEEE Journals"
"Output Units of Motor Behavior: An Experimental and Modeling Study","E. P. Loeb; S. F. Giszter; P. S. a. E. Bizzi; F. A. Mussa-Ivaldi","Gore 2000, Nashville, TN, USA; Medical College of Pennsylvania and Hahnemann University; Massachusetts Institute of Technology; Northwestern University Medical School",Journal of Cognitive Neuroscience,"19 May 2014","2000","12","1","78","97","Cognitive approaches to motor control typically concern sequences of discrete actions without taking into account the stunning complexity of the geometry and dynamics of the muscles. This begs the question: Does the brain convert the intricate, continuous-time dynamics of the muscles into simpler discrete units of actions, and if so, how? One way for the brain to form discrete units of behavior from muscles is through the synergistic co-activation of muscles. While this possibility has long been known, the composition of potential muscle synergies has remained elusive. In this paper, we have focused on a method that allowed us to examine and compare the limb stabilization properties of all possible muscle combinations. We found that a small set (as few as 23 out of 65,536) of all possible combinations of 16 limb muscles are robust with respect to activation noise: these muscle combinations could stabilize the limb at predictable, restricted portions of the workspace in spite of broad variations in the force output of their component muscles. The locations at which the robust synergies stabilize the limb are not uniformly distributed throughout the leg's workspace, but rather, they cluster at four workspace areas. The simulated robust synergies are similar to the actual synergies we have previously found to be generated by activation of the spinal cord. Thus, we have developed a new analytical method that enabled us to select a few muscle synergies with interesting properties out of the set of possible muscle combinations. Beyond this, the identification of robustness as a common property of the synergies in simple motor behaviors will open the way to the study of dynamic stability, which is an important and distinct property of the vertebrate motor-control system.","0898-929X","","10.1162/08989290051137611","","https://ieeexplore.ieee.org/stamp/stamp.jsp?arnumber=6788898","","","","4","","","","19 May 2014","Jan. 2000","","MIT Press","MIT Press Journals"
"A direct brain interface based on event-related potentials","S. P. Levine; J. E. Huggins; S. L. BeMent; R. K. Kushwaha; L. A. Schuh; M. M. Rohde; E. A. Passaro; D. A. Ross; K. V. Elisevich; B. J. Smith","Rehabilitation Engineering Program Department of Physical Medicine and Rehabilitation and the Department of Biomedical Engineering, University of Michigan, Ann Arbor, MI, USA; Rehabilitation Engineering Program Department of Physical Medicine and Rehabilitation and the Department of Biomedical Engineering, University of Michigan, Ann Arbor, MI, USA; Department of Biomedical Engineering and the Department of Electrical Engineering and Computer Science, University of Michigan, Ann Arbor, MI, USA; Department of Neurology, University of Michigan, Ann Arbor, MI, USA; Department of Neurology, Henry Ford Hospital, Detroit, MI, USA; Department of Biomedical Engineering, University of Michigan, Ann Arbor, MI, USA; Department of Neurology, University of Michigan, Ann Arbor, MI, USA; Section of Neurosurgery Department of Surgery, University of Michigan, Ann Arbor, MI, USA; Department of Neurology, Henry Ford Hospital, Detroit, MI, USA; Department of Biomedical Engineering and the Department of Electrical Engineering and Computer Science, University of Michigan, Ann Arbor, MI, USA",IEEE Transactions on Rehabilitation Engineering,"6 Aug 2002","2000","8","2","180","185","Cross-correlation between a trigger-averaged event-related potential (ERP) template and continuous electrocorticogram was used to detect movement-related ERP's. The accuracy of ERP detection for the five best subjects (of 17 studied), had hit percentages >90% and false positive percentages <10%. These cases were considered appropriate for operation of a direct brain interface.","1558-0024","","10.1109/86.847809","","https://ieeexplore.ieee.org/stamp/stamp.jsp?arnumber=847809","","Electrodes;Biomedical engineering;Enterprise resource planning;Hospitals;Surgery;Humans;Nervous system;Neurosurgery;Epilepsy;Brain computer interfaces","Adult;Brain Mapping;Cerebral Cortex;Communication Aids for Disabled;Electrodes, Implanted;Electroencephalography;Electromyography;Epilepsy;Evoked Potentials;Female;Humans;Male;Quadriplegia;Signal Processing, Computer-Assisted;User-Computer Interface","157","16","6","IEEE","6 Aug 2002","June 2000","","IEEE","IEEE Journals"
"Quantitative evaluation of two methods of control bilateral stimulated hand grasps in persons with tetraplegia","T. R. D. Scott; J. M. Heasman; V. A. Vare; R. Y. Flynn; C. R. Gschwind; J. W. Middleton; S. B. Rutkowski","Department of Hand and Microsurgery, Biomedical Engineering for the Northern Sydney Health,Royal North Shore Hospital, Quadriplegic Hand Research Unit Incorporating Spinal Injuries Unit, Saint Leonards, NSW, Australia; Department of Hand and Microsurgery, Biomedical Engineering for the Northern Sydney Health,Royal North Shore Hospital, Quadriplegic Hand Research Unit Incorporating Spinal Injuries Unit, Saint Leonards, NSW, Australia; Department of Hand and Microsurgery, Biomedical Engineering for the Northern Sydney Health,Royal North Shore Hospital, Quadriplegic Hand Research Unit Incorporating Spinal Injuries Unit, Saint Leonards, NSW, Australia; Department of Hand and Microsurgery, Biomedical Engineering for the Northern Sydney Health,Royal North Shore Hospital, Quadriplegic Hand Research Unit Incorporating Spinal Injuries Unit, Saint Leonards, NSW, Australia; Department of Hand and Microsurgery, Biomedical Engineering for the Northern Sydney Health,Royal North Shore Hospital, Quadriplegic Hand Research Unit Incorporating Spinal Injuries Unit, Saint Leonards, NSW, Australia; Department of Hand and Microsurgery, Biomedical Engineering for the Northern Sydney Health,Royal North Shore Hospital, Quadriplegic Hand Research Unit Incorporating Spinal Injuries Unit, Saint Leonards, NSW, Australia; Department of Hand and Microsurgery, Biomedical Engineering for the Northern Sydney Health,Royal North Shore Hospital, Quadriplegic Hand Research Unit Incorporating Spinal Injuries Unit, Saint Leonards, NSW, Australia",IEEE Transactions on Rehabilitation Engineering,"6 Aug 2002","2000","8","2","259","267","Electrical stimulation has been applied to the paralyzed muscles of both hands of two persons with tetraplegia using percutneous acid implantable electrodes. Two separate methods of user control were being investigated. The first monitored the myoelectric signals from the user's own sternocleidomastoid muscles and the second monitored wrist joint angle. These signals were used as commands to modify the stimulated grasps. The hands were instrumented to detect the degree of hand closure and grip force and the users matched these to specific target parameters using the controller during tracking tasks. Performance in these tracking tasks was measured quantitatively. Wrist control was found to be less sensitive to the direction of hand opening/closing required than the myoelectric control. The user's performance with the myoelectric control demonstrated sensitivity to the target size and the speed of hand movement in response to the command control. The wrist controller required less training than the myoelectric controller for users to become proficient in its use. Based on these results, the wrist controller and the myoelectric controller both provide successful control of bilateral hand grasp and release. Of the two controllers, the wrist controller is likely to provide the greater ease of use, although it is only available to the population of users with active wrist extension.","1558-0024","","10.1109/86.847827","","https://ieeexplore.ieee.org/stamp/stamp.jsp?arnumber=847827","","Wrist;Muscles;Control systems;Monitoring;Electrodes;Target tracking;Size control;Spinal cord;Instruments;Force control","Electric Stimulation Therapy;Electrodes, Implanted;Functional Laterality;Hand Strength;Humans;Muscle, Skeletal;Quadriplegia;Spinal Cord Injuries;Transcutaneous Electric Nerve Stimulation","7","","22","IEEE","6 Aug 2002","June 2000","","IEEE","IEEE Journals"
